<?xml version="1.0" encoding="UTF-8" standalone="yes"?>
<addon id="plugin.video.unipishin" name="Unipishin Videos" version="0.0.1" provider-name="Elvish">
	<requires>
		<import addon="xbmc.python" version="2.19.0" />
        <import addon="script.module.python.koding.aio" version="0.0.1"/>
	</requires>
	<extension point="xbmc.python.pluginsource" library="default.py">
		<provides>video</provides>
	</extension>
	<extension point="xbmc.addon.metadata">
		<summary lang="en">Some static video contents for testing</summary>
		<description lang="en">Some static video contents for testing</description>
		<platform>all</platform>
		<forum>http://www.noobsandnerds.com/support</forum>
		<website>www.noobsandnerds.com</website>
		<news></news>
		<genre>adult,anime,audiobooks,comedy,comics,devtools,documentary,downloads,food,gaming,health,howto,kids,livetv,movies,music,news,podcasts,radio,religion,skin,space,sports,subscription,tech,trailers,tvshows,wizard,australian,mongolian,uk,usa</genre>
		<video_guide></video_guide>
		<video_preview></video_preview>
	</extension>
</addon>
