<?xml version="1.0" encoding="UTF-8" standalone="yes"?>
<addon id="repository.unipishin" name="unipishin" version="0.0.1" provider-name="Elvish">
	<extension point="xbmc.addon.repository" name="unipishin">
		<dir>
			<info compressed="false">https://raw.githubusercontent.com/totalrevolution/python-koding/master/zips/addons.xml</info>
			<checksum>https://raw.githubusercontent.com/totalrevolution/python-koding/master/zips/addons.xml.md5</checksum>
			<datadir zip="true">https://raw.githubusercontent.com/totalrevolution/python-koding/master/zips/</datadir>
		</dir>
		<info compressed="false">https://raw.githubusercontent.com/bokhoo/unipishin/master/zips/addons.xml</info>
		<checksum>https://raw.githubusercontent.com/bokhoo/unipishin/master/zips/addons.xml.md5</checksum>
		<datadir zip="true">https://raw.githubusercontent.com/bokhoo/unipishin/master/zips/</datadir>
	</extension>
	<extension point="xbmc.addon.metadata">
		<summary lang="en">Some static contents for testing</summary>
		<description lang="en">Some static contents for testing</description>
		<genre>adult,anime,audiobooks,comedy,comics,devtools,documentary,downloads,food,gaming,health,howto,kids,livetv,movies,music,news,podcasts,radio,religion,skin,space,sports,subscription,tech,trailers,tvshows,wizard,australian,mongolian,usa</genre>
	</extension>
</addon>